about,commits,languages,last_updated,url
This is the about section I just added at 10:49AM 4/14/2025,,,,https://github.com/Mimikooo/Test
about,commits,languages,last_updated,url
This is the about section I just added at 10:49AM 4/14/2025,,,,https://github.com/Mimikooo/Test
about,commits,languages,last_updated,url
This is the about section I just added at 10:49AM 4/14/2025,,,,https://github.com/Mimikooo/Test
about,commits,languages,last_updated,url
This is the about section I just added at 10:49AM 4/14/2025,,,,https://github.com/Mimikooo/Test
about,commits,languages,last_updated,url
This is the about section I just added at 10:49AM 4/14/2025,7,,,https://github.com/Mimikooo/Test
about,commits,languages,last_updated,url
This is the about section I just added at 10:49AM 4/14/2025,8,,,https://github.com/Mimikooo/Test
about,commits,languages,last_updated,url
This is the about section I just added at 10:49AM 4/14/2025,8,Python,2025-04-14T03:22:34Z,https://github.com/Mimikooo/Test
